,accuracy,precision,recall,f1,roc_auc,train_time,tune_time
LogisticRegression,0.7530244424327216,0.7666666666666667,0.7157436841224695,0.7403305356061262,0.8250780350700795,0.07835602760314941,0.0
KNN,0.8066002798123612,0.8284731026987865,0.765266856282416,0.7956166289789529,0.8923796077383126,0.01761007308959961,0.0
NaiveBayes,0.7385400378569665,0.7475247524752475,0.7073782834197758,0.7268976188429468,0.7958811742388583,0.004705905914306641,0.0
DecisionTree,0.8163114146983788,0.8468234858307094,0.7649322402543082,0.8037974683544303,0.9083791343764097,0.02054905891418457,0.0
